{"0": "[Câu trả lời cho câu hỏi 0 trong file test]", "1": "[Câu trả lời cho câu hỏi 1 trong file test]", "2": "[Câu trả lời cho câu hỏi 2 trong file test]", "3": "[Câu trả lời cho câu hỏi 3 trong file test]", "4": "[Câu trả lời cho câu hỏi 4 trong file test]", "5": "[Câu trả lời cho câu hỏi 5 trong file test]", "6": "[Câu trả lời cho câu hỏi 6 trong file test]", "7": "[Câu trả lời cho câu hỏi 7 trong file test]", "8": "[Câu trả lời cho câu hỏi 8 trong file test]", "9": "[Câu trả lời cho câu hỏi 9 trong file test]", "10": "[Câu trả lời cho câu hỏi 10 trong file test]", "11": "[Câu trả lời cho câu hỏi 11 trong file test]", "12": "[Câu trả lời cho câu hỏi 12 trong file test]", "13": "[Câu trả lời cho câu hỏi 13 trong file test]", "14": "[Câu trả lời cho câu hỏi 14 trong file test]", "15": "[Câu trả lời cho câu hỏi 15 trong file test]", "16": "[Câu trả lời cho câu hỏi 16 trong file test]", "17": "[Câu trả lời cho câu hỏi 17 trong file test]", "18": "[Câu trả lời cho câu hỏi 18 trong file test]", "19": "[Câu trả lời cho câu hỏi 19 trong file test]", "20": "[Câu trả lời cho câu hỏi 20 trong file test]", "21": "[Câu trả lời cho câu hỏi 21 trong file test]", "22": "[Câu trả lời cho câu hỏi 22 trong file test]", "23": "[Câu trả lời cho câu hỏi 23 trong file test]", "24": "[Câu trả lời cho câu hỏi 24 trong file test]", "25": "[Câu trả lời cho câu hỏi 25 trong file test]", "26": "[Câu trả lời cho câu hỏi 26 trong file test]", "27": "[Câu trả lời cho câu hỏi 27 trong file test]", "28": "[Câu trả lời cho câu hỏi 28 trong file test]", "29": "[Câu trả lời cho câu hỏi 29 trong file test]", "30": "[Câu trả lời cho câu hỏi 30 trong file test]", "31": "[Câu trả lời cho câu hỏi 31 trong file test]", "32": "[Câu trả lời cho câu hỏi 32 trong file test]", "33": "[Câu trả lời cho câu hỏi 33 trong file test]", "34": "[Câu trả lời cho câu hỏi 34 trong file test]", "35": "[Câu trả lời cho câu hỏi 35 trong file test]", "36": "[Câu trả lời cho câu hỏi 36 trong file test]", "37": "[Câu trả lời cho câu hỏi 37 trong file test]", "38": "[Câu trả lời cho câu hỏi 38 trong file test]", "39": "[Câu trả lời cho câu hỏi 39 trong file test]", "40": "[Câu trả lời cho câu hỏi 40 trong file test]", "41": "[Câu trả lời cho câu hỏi 41 trong file test]", "42": "[Câu trả lời cho câu hỏi 42 trong file test]", "43": "[Câu trả lời cho câu hỏi 43 trong file test]", "44": "[Câu trả lời cho câu hỏi 44 trong file test]", "45": "[Câu trả lời cho câu hỏi 45 trong file test]", "46": "[Câu trả lời cho câu hỏi 46 trong file test]", "47": "[Câu trả lời cho câu hỏi 47 trong file test]", "48": "[Câu trả lời cho câu hỏi 48 trong file test]", "49": "[Câu trả lời cho câu hỏi 49 trong file test]", "50": "[Câu trả lời cho câu hỏi 50 trong file test]", "51": "[Câu trả lời cho câu hỏi 51 trong file test]", "52": "[Câu trả lời cho câu hỏi 52 trong file test]", "53": "[Câu trả lời cho câu hỏi 53 trong file test]", "54": "[Câu trả lời cho câu hỏi 54 trong file test]", "55": "[Câu trả lời cho câu hỏi 55 trong file test]", "56": "[Câu trả lời cho câu hỏi 56 trong file test]", "57": "[Câu trả lời cho câu hỏi 57 trong file test]", "58": "[Câu trả lời cho câu hỏi 58 trong file test]", "59": "[Câu trả lời cho câu hỏi 59 trong file test]", "60": "[Câu trả lời cho câu hỏi 60 trong file test]", "61": "[Câu trả lời cho câu hỏi 61 trong file test]", "62": "[Câu trả lời cho câu hỏi 62 trong file test]", "63": "[Câu trả lời cho câu hỏi 63 trong file test]", "64": "[Câu trả lời cho câu hỏi 64 trong file test]", "65": "[Câu trả lời cho câu hỏi 65 trong file test]", "66": "[Câu trả lời cho câu hỏi 66 trong file test]", "67": "[Câu trả lời cho câu hỏi 67 trong file test]", "68": "[Câu trả lời cho câu hỏi 68 trong file test]", "69": "[Câu trả lời cho câu hỏi 69 trong file test]", "70": "[Câu trả lời cho câu hỏi 70 trong file test]", "71": "[Câu trả lời cho câu hỏi 71 trong file test]", "72": "[Câu trả lời cho câu hỏi 72 trong file test]", "73": "[Câu trả lời cho câu hỏi 73 trong file test]", "74": "[Câu trả lời cho câu hỏi 74 trong file test]", "75": "[Câu trả lời cho câu hỏi 75 trong file test]", "76": "[Câu trả lời cho câu hỏi 76 trong file test]", "77": "[Câu trả lời cho câu hỏi 77 trong file test]", "78": "[Câu trả lời cho câu hỏi 78 trong file test]", "79": "[Câu trả lời cho câu hỏi 79 trong file test]"}