{"0": "[Câu trả lời cho câu hỏi 0 trong file test]", "1": "[Câu trả lời cho câu hỏi 1 trong file test]", "2": "[Câu trả lời cho câu hỏi 2 trong file test]", "3": "[Câu trả lời cho câu hỏi 3 trong file test]", "4": "[Câu trả lời cho câu hỏi 4 trong file test]", "5": "[Câu trả lời cho câu hỏi 5 trong file test]", "6": "[Câu trả lời cho câu hỏi 6 trong file test]", "7": "[Câu trả lời cho câu hỏi 7 trong file test]", "8": "[Câu trả lời cho câu hỏi 8 trong file test]", "9": "[Câu trả lời cho câu hỏi 9 trong file test]", "10": "[Câu trả lời cho câu hỏi 10 trong file test]", "11": "[Câu trả lời cho câu hỏi 11 trong file test]", "12": "[Câu trả lời cho câu hỏi 12 trong file test]", "13": "[Câu trả lời cho câu hỏi 13 trong file test]", "14": "[Câu trả lời cho câu hỏi 14 trong file test]", "15": "[Câu trả lời cho câu hỏi 15 trong file test]", "16": "[Câu trả lời cho câu hỏi 16 trong file test]", "17": "[Câu trả lời cho câu hỏi 17 trong file test]", "18": "[Câu trả lời cho câu hỏi 18 trong file test]", "19": "[Câu trả lời cho câu hỏi 19 trong file test]", "20": "[Câu trả lời cho câu hỏi 20 trong file test]", "21": "[Câu trả lời cho câu hỏi 21 trong file test]", "22": "[Câu trả lời cho câu hỏi 22 trong file test]", "23": "[Câu trả lời cho câu hỏi 23 trong file test]", "24": "[Câu trả lời cho câu hỏi 24 trong file test]", "25": "[Câu trả lời cho câu hỏi 25 trong file test]", "26": "[Câu trả lời cho câu hỏi 26 trong file test]", "27": "[Câu trả lời cho câu hỏi 27 trong file test]", "28": "[Câu trả lời cho câu hỏi 28 trong file test]", "29": "[Câu trả lời cho câu hỏi 29 trong file test]", "30": "[Câu trả lời cho câu hỏi 30 trong file test]", "31": "[Câu trả lời cho câu hỏi 31 trong file test]", "32": "[Câu trả lời cho câu hỏi 32 trong file test]", "33": "[Câu trả lời cho câu hỏi 33 trong file test]", "34": "[Câu trả lời cho câu hỏi 34 trong file test]", "35": "[Câu trả lời cho câu hỏi 35 trong file test]", "36": "[Câu trả lời cho câu hỏi 36 trong file test]", "37": "[Câu trả lời cho câu hỏi 37 trong file test]", "38": "[Câu trả lời cho câu hỏi 38 trong file test]", "39": "[Câu trả lời cho câu hỏi 39 trong file test]", "40": "[Câu trả lời cho câu hỏi 40 trong file test]", "41": "[Câu trả lời cho câu hỏi 41 trong file test]", "42": "[Câu trả lời cho câu hỏi 42 trong file test]", "43": "[Câu trả lời cho câu hỏi 43 trong file test]", "44": "[Câu trả lời cho câu hỏi 44 trong file test]", "45": "[Câu trả lời cho câu hỏi 45 trong file test]", "46": "[Câu trả lời cho câu hỏi 46 trong file test]", "47": "[Câu trả lời cho câu hỏi 47 trong file test]", "48": "[Câu trả lời cho câu hỏi 48 trong file test]", "49": "[Câu trả lời cho câu hỏi 49 trong file test]", "50": "[Câu trả lời cho câu hỏi 50 trong file test]", "51": "[Câu trả lời cho câu hỏi 51 trong file test]", "52": "[Câu trả lời cho câu hỏi 52 trong file test]", "53": "[Câu trả lời cho câu hỏi 53 trong file test]", "54": "[Câu trả lời cho câu hỏi 54 trong file test]", "55": "[Câu trả lời cho câu hỏi 55 trong file test]", "56": "[Câu trả lời cho câu hỏi 56 trong file test]", "57": "[Câu trả lời cho câu hỏi 57 trong file test]", "58": "[Câu trả lời cho câu hỏi 58 trong file test]", "59": "[Câu trả lời cho câu hỏi 59 trong file test]", "60": "[Câu trả lời cho câu hỏi 60 trong file test]", "61": "[Câu trả lời cho câu hỏi 61 trong file test]", "62": "[Câu trả lời cho câu hỏi 62 trong file test]", "63": "[Câu trả lời cho câu hỏi 63 trong file test]", "64": "[Câu trả lời cho câu hỏi 64 trong file test]", "65": "[Câu trả lời cho câu hỏi 65 trong file test]", "66": "[Câu trả lời cho câu hỏi 66 trong file test]", "67": "[Câu trả lời cho câu hỏi 67 trong file test]", "68": "[Câu trả lời cho câu hỏi 68 trong file test]", "69": "[Câu trả lời cho câu hỏi 69 trong file test]", "70": "[Câu trả lời cho câu hỏi 70 trong file test]", "71": "[Câu trả lời cho câu hỏi 71 trong file test]", "72": "[Câu trả lời cho câu hỏi 72 trong file test]", "73": "[Câu trả lời cho câu hỏi 73 trong file test]", "74": "[Câu trả lời cho câu hỏi 74 trong file test]", "75": "[Câu trả lời cho câu hỏi 75 trong file test]", "76": "[Câu trả lời cho câu hỏi 76 trong file test]", "77": "[Câu trả lời cho câu hỏi 77 trong file test]", "78": "[Câu trả lời cho câu hỏi 78 trong file test]", "79": "[Câu trả lời cho câu hỏi 79 trong file test]", "80": "[Câu trả lời cho câu hỏi 80 trong file test]", "81": "[Câu trả lời cho câu hỏi 81 trong file test]", "82": "[Câu trả lời cho câu hỏi 82 trong file test]", "83": "[Câu trả lời cho câu hỏi 83 trong file test]", "84": "[Câu trả lời cho câu hỏi 84 trong file test]", "85": "[Câu trả lời cho câu hỏi 85 trong file test]", "86": "[Câu trả lời cho câu hỏi 86 trong file test]", "87": "[Câu trả lời cho câu hỏi 87 trong file test]", "88": "[Câu trả lời cho câu hỏi 88 trong file test]", "89": "[Câu trả lời cho câu hỏi 89 trong file test]", "90": "[Câu trả lời cho câu hỏi 90 trong file test]", "91": "[Câu trả lời cho câu hỏi 91 trong file test]", "92": "[Câu trả lời cho câu hỏi 92 trong file test]", "93": "[Câu trả lời cho câu hỏi 93 trong file test]", "94": "[Câu trả lời cho câu hỏi 94 trong file test]", "95": "[Câu trả lời cho câu hỏi 95 trong file test]", "96": "[Câu trả lời cho câu hỏi 96 trong file test]", "97": "[Câu trả lời cho câu hỏi 97 trong file test]", "98": "[Câu trả lời cho câu hỏi 98 trong file test]", "99": "[Câu trả lời cho câu hỏi 99 trong file test]", "100": "[Câu trả lời cho câu hỏi 100 trong file test]", "101": "[Câu trả lời cho câu hỏi 101 trong file test]", "102": "[Câu trả lời cho câu hỏi 102 trong file test]", "103": "[Câu trả lời cho câu hỏi 103 trong file test]", "104": "[Câu trả lời cho câu hỏi 104 trong file test]", "105": "[Câu trả lời cho câu hỏi 105 trong file test]", "106": "[Câu trả lời cho câu hỏi 106 trong file test]", "107": "[Câu trả lời cho câu hỏi 107 trong file test]", "108": "[Câu trả lời cho câu hỏi 108 trong file test]", "109": "[Câu trả lời cho câu hỏi 109 trong file test]", "110": "[Câu trả lời cho câu hỏi 110 trong file test]", "111": "[Câu trả lời cho câu hỏi 111 trong file test]", "112": "[Câu trả lời cho câu hỏi 112 trong file test]", "113": "[Câu trả lời cho câu hỏi 113 trong file test]", "114": "[Câu trả lời cho câu hỏi 114 trong file test]", "115": "[Câu trả lời cho câu hỏi 115 trong file test]", "116": "[Câu trả lời cho câu hỏi 116 trong file test]", "117": "[Câu trả lời cho câu hỏi 117 trong file test]", "118": "[Câu trả lời cho câu hỏi 118 trong file test]", "119": "[Câu trả lời cho câu hỏi 119 trong file test]", "120": "[Câu trả lời cho câu hỏi 120 trong file test]", "121": "[Câu trả lời cho câu hỏi 121 trong file test]", "122": "[Câu trả lời cho câu hỏi 122 trong file test]", "123": "[Câu trả lời cho câu hỏi 123 trong file test]", "124": "[Câu trả lời cho câu hỏi 124 trong file test]", "125": "[Câu trả lời cho câu hỏi 125 trong file test]", "126": "[Câu trả lời cho câu hỏi 126 trong file test]", "127": "[Câu trả lời cho câu hỏi 127 trong file test]", "128": "[Câu trả lời cho câu hỏi 128 trong file test]", "129": "[Câu trả lời cho câu hỏi 129 trong file test]", "130": "[Câu trả lời cho câu hỏi 130 trong file test]", "131": "[Câu trả lời cho câu hỏi 131 trong file test]", "132": "[Câu trả lời cho câu hỏi 132 trong file test]", "133": "[Câu trả lời cho câu hỏi 133 trong file test]", "134": "[Câu trả lời cho câu hỏi 134 trong file test]", "135": "[Câu trả lời cho câu hỏi 135 trong file test]", "136": "[Câu trả lời cho câu hỏi 136 trong file test]", "137": "[Câu trả lời cho câu hỏi 137 trong file test]", "138": "[Câu trả lời cho câu hỏi 138 trong file test]", "139": "[Câu trả lời cho câu hỏi 139 trong file test]", "140": "[Câu trả lời cho câu hỏi 140 trong file test]", "141": "[Câu trả lời cho câu hỏi 141 trong file test]", "142": "[Câu trả lời cho câu hỏi 142 trong file test]", "143": "[Câu trả lời cho câu hỏi 143 trong file test]", "144": "[Câu trả lời cho câu hỏi 144 trong file test]", "145": "[Câu trả lời cho câu hỏi 145 trong file test]", "146": "[Câu trả lời cho câu hỏi 146 trong file test]", "147": "[Câu trả lời cho câu hỏi 147 trong file test]", "148": "[Câu trả lời cho câu hỏi 148 trong file test]", "149": "[Câu trả lời cho câu hỏi 149 trong file test]", "150": "[Câu trả lời cho câu hỏi 150 trong file test]", "151": "[Câu trả lời cho câu hỏi 151 trong file test]", "152": "[Câu trả lời cho câu hỏi 152 trong file test]", "153": "[Câu trả lời cho câu hỏi 153 trong file test]", "154": "[Câu trả lời cho câu hỏi 154 trong file test]", "155": "[Câu trả lời cho câu hỏi 155 trong file test]", "156": "[Câu trả lời cho câu hỏi 156 trong file test]", "157": "[Câu trả lời cho câu hỏi 157 trong file test]", "158": "[Câu trả lời cho câu hỏi 158 trong file test]", "159": "[Câu trả lời cho câu hỏi 159 trong file test]", "160": "[Câu trả lời cho câu hỏi 160 trong file test]", "161": "[Câu trả lời cho câu hỏi 161 trong file test]", "162": "[Câu trả lời cho câu hỏi 162 trong file test]", "163": "[Câu trả lời cho câu hỏi 163 trong file test]", "164": "[Câu trả lời cho câu hỏi 164 trong file test]", "165": "[Câu trả lời cho câu hỏi 165 trong file test]", "166": "[Câu trả lời cho câu hỏi 166 trong file test]", "167": "[Câu trả lời cho câu hỏi 167 trong file test]", "168": "[Câu trả lời cho câu hỏi 168 trong file test]", "169": "[Câu trả lời cho câu hỏi 169 trong file test]", "170": "[Câu trả lời cho câu hỏi 170 trong file test]", "171": "[Câu trả lời cho câu hỏi 171 trong file test]", "172": "[Câu trả lời cho câu hỏi 172 trong file test]", "173": "[Câu trả lời cho câu hỏi 173 trong file test]", "174": "[Câu trả lời cho câu hỏi 174 trong file test]", "175": "[Câu trả lời cho câu hỏi 175 trong file test]", "176": "[Câu trả lời cho câu hỏi 176 trong file test]", "177": "[Câu trả lời cho câu hỏi 177 trong file test]", "178": "[Câu trả lời cho câu hỏi 178 trong file test]", "179": "[Câu trả lời cho câu hỏi 179 trong file test]", "180": "[Câu trả lời cho câu hỏi 180 trong file test]", "181": "[Câu trả lời cho câu hỏi 181 trong file test]", "182": "[Câu trả lời cho câu hỏi 182 trong file test]", "183": "[Câu trả lời cho câu hỏi 183 trong file test]", "184": "[Câu trả lời cho câu hỏi 184 trong file test]", "185": "[Câu trả lời cho câu hỏi 185 trong file test]", "186": "[Câu trả lời cho câu hỏi 186 trong file test]", "187": "[Câu trả lời cho câu hỏi 187 trong file test]", "188": "[Câu trả lời cho câu hỏi 188 trong file test]", "189": "[Câu trả lời cho câu hỏi 189 trong file test]", "190": "[Câu trả lời cho câu hỏi 190 trong file test]", "191": "[Câu trả lời cho câu hỏi 191 trong file test]", "192": "[Câu trả lời cho câu hỏi 192 trong file test]", "193": "[Câu trả lời cho câu hỏi 193 trong file test]", "194": "[Câu trả lời cho câu hỏi 194 trong file test]", "195": "[Câu trả lời cho câu hỏi 195 trong file test]", "196": "[Câu trả lời cho câu hỏi 196 trong file test]", "197": "[Câu trả lời cho câu hỏi 197 trong file test]", "198": "[Câu trả lời cho câu hỏi 198 trong file test]", "199": "[Câu trả lời cho câu hỏi 199 trong file test]", "200": "[Câu trả lời cho câu hỏi 200 trong file test]", "201": "[Câu trả lời cho câu hỏi 201 trong file test]", "202": "[Câu trả lời cho câu hỏi 202 trong file test]", "203": "[Câu trả lời cho câu hỏi 203 trong file test]", "204": "[Câu trả lời cho câu hỏi 204 trong file test]", "205": "[Câu trả lời cho câu hỏi 205 trong file test]", "206": "[Câu trả lời cho câu hỏi 206 trong file test]", "207": "[Câu trả lời cho câu hỏi 207 trong file test]", "208": "[Câu trả lời cho câu hỏi 208 trong file test]", "209": "[Câu trả lời cho câu hỏi 209 trong file test]", "210": "[Câu trả lời cho câu hỏi 210 trong file test]", "211": "[Câu trả lời cho câu hỏi 211 trong file test]", "212": "[Câu trả lời cho câu hỏi 212 trong file test]", "213": "[Câu trả lời cho câu hỏi 213 trong file test]", "214": "[Câu trả lời cho câu hỏi 214 trong file test]", "215": "[Câu trả lời cho câu hỏi 215 trong file test]", "216": "[Câu trả lời cho câu hỏi 216 trong file test]", "217": "[Câu trả lời cho câu hỏi 217 trong file test]", "218": "[Câu trả lời cho câu hỏi 218 trong file test]", "219": "[Câu trả lời cho câu hỏi 219 trong file test]", "220": "[Câu trả lời cho câu hỏi 220 trong file test]", "221": "[Câu trả lời cho câu hỏi 221 trong file test]", "222": "[Câu trả lời cho câu hỏi 222 trong file test]", "223": "[Câu trả lời cho câu hỏi 223 trong file test]", "224": "[Câu trả lời cho câu hỏi 224 trong file test]", "225": "[Câu trả lời cho câu hỏi 225 trong file test]", "226": "[Câu trả lời cho câu hỏi 226 trong file test]", "227": "[Câu trả lời cho câu hỏi 227 trong file test]", "228": "[Câu trả lời cho câu hỏi 228 trong file test]", "229": "[Câu trả lời cho câu hỏi 229 trong file test]", "230": "[Câu trả lời cho câu hỏi 230 trong file test]", "231": "[Câu trả lời cho câu hỏi 231 trong file test]", "232": "[Câu trả lời cho câu hỏi 232 trong file test]", "233": "[Câu trả lời cho câu hỏi 233 trong file test]", "234": "[Câu trả lời cho câu hỏi 234 trong file test]", "235": "[Câu trả lời cho câu hỏi 235 trong file test]", "236": "[Câu trả lời cho câu hỏi 236 trong file test]", "237": "[Câu trả lời cho câu hỏi 237 trong file test]", "238": "[Câu trả lời cho câu hỏi 238 trong file test]", "239": "[Câu trả lời cho câu hỏi 239 trong file test]", "240": "[Câu trả lời cho câu hỏi 240 trong file test]", "241": "[Câu trả lời cho câu hỏi 241 trong file test]", "242": "[Câu trả lời cho câu hỏi 242 trong file test]", "243": "[Câu trả lời cho câu hỏi 243 trong file test]", "244": "[Câu trả lời cho câu hỏi 244 trong file test]", "245": "[Câu trả lời cho câu hỏi 245 trong file test]", "246": "[Câu trả lời cho câu hỏi 246 trong file test]", "247": "[Câu trả lời cho câu hỏi 247 trong file test]", "248": "[Câu trả lời cho câu hỏi 248 trong file test]", "249": "[Câu trả lời cho câu hỏi 249 trong file test]", "250": "[Câu trả lời cho câu hỏi 250 trong file test]", "251": "[Câu trả lời cho câu hỏi 251 trong file test]", "252": "[Câu trả lời cho câu hỏi 252 trong file test]", "253": "[Câu trả lời cho câu hỏi 253 trong file test]", "254": "[Câu trả lời cho câu hỏi 254 trong file test]", "255": "[Câu trả lời cho câu hỏi 255 trong file test]", "256": "[Câu trả lời cho câu hỏi 256 trong file test]", "257": "[Câu trả lời cho câu hỏi 257 trong file test]", "258": "[Câu trả lời cho câu hỏi 258 trong file test]", "259": "[Câu trả lời cho câu hỏi 259 trong file test]", "260": "[Câu trả lời cho câu hỏi 260 trong file test]", "261": "[Câu trả lời cho câu hỏi 261 trong file test]", "262": "[Câu trả lời cho câu hỏi 262 trong file test]", "263": "[Câu trả lời cho câu hỏi 263 trong file test]", "264": "[Câu trả lời cho câu hỏi 264 trong file test]", "265": "[Câu trả lời cho câu hỏi 265 trong file test]", "266": "[Câu trả lời cho câu hỏi 266 trong file test]", "267": "[Câu trả lời cho câu hỏi 267 trong file test]", "268": "[Câu trả lời cho câu hỏi 268 trong file test]", "269": "[Câu trả lời cho câu hỏi 269 trong file test]", "270": "[Câu trả lời cho câu hỏi 270 trong file test]", "271": "[Câu trả lời cho câu hỏi 271 trong file test]", "272": "[Câu trả lời cho câu hỏi 272 trong file test]", "273": "[Câu trả lời cho câu hỏi 273 trong file test]", "274": "[Câu trả lời cho câu hỏi 274 trong file test]", "275": "[Câu trả lời cho câu hỏi 275 trong file test]", "276": "[Câu trả lời cho câu hỏi 276 trong file test]", "277": "[Câu trả lời cho câu hỏi 277 trong file test]", "278": "[Câu trả lời cho câu hỏi 278 trong file test]", "279": "[Câu trả lời cho câu hỏi 279 trong file test]", "280": "[Câu trả lời cho câu hỏi 280 trong file test]", "281": "[Câu trả lời cho câu hỏi 281 trong file test]", "282": "[Câu trả lời cho câu hỏi 282 trong file test]", "283": "[Câu trả lời cho câu hỏi 283 trong file test]", "284": "[Câu trả lời cho câu hỏi 284 trong file test]", "285": "[Câu trả lời cho câu hỏi 285 trong file test]", "286": "[Câu trả lời cho câu hỏi 286 trong file test]", "287": "[Câu trả lời cho câu hỏi 287 trong file test]", "288": "[Câu trả lời cho câu hỏi 288 trong file test]", "289": "[Câu trả lời cho câu hỏi 289 trong file test]", "290": "[Câu trả lời cho câu hỏi 290 trong file test]", "291": "[Câu trả lời cho câu hỏi 291 trong file test]", "292": "[Câu trả lời cho câu hỏi 292 trong file test]", "293": "[Câu trả lời cho câu hỏi 293 trong file test]", "294": "[Câu trả lời cho câu hỏi 294 trong file test]", "295": "[Câu trả lời cho câu hỏi 295 trong file test]", "296": "[Câu trả lời cho câu hỏi 296 trong file test]", "297": "[Câu trả lời cho câu hỏi 297 trong file test]", "298": "[Câu trả lời cho câu hỏi 298 trong file test]", "299": "[Câu trả lời cho câu hỏi 299 trong file test]", "300": "[Câu trả lời cho câu hỏi 300 trong file test]", "301": "[Câu trả lời cho câu hỏi 301 trong file test]", "302": "[Câu trả lời cho câu hỏi 302 trong file test]", "303": "[Câu trả lời cho câu hỏi 303 trong file test]", "304": "[Câu trả lời cho câu hỏi 304 trong file test]", "305": "[Câu trả lời cho câu hỏi 305 trong file test]", "306": "[Câu trả lời cho câu hỏi 306 trong file test]", "307": "[Câu trả lời cho câu hỏi 307 trong file test]", "308": "[Câu trả lời cho câu hỏi 308 trong file test]", "309": "[Câu trả lời cho câu hỏi 309 trong file test]", "310": "[Câu trả lời cho câu hỏi 310 trong file test]", "311": "[Câu trả lời cho câu hỏi 311 trong file test]", "312": "[Câu trả lời cho câu hỏi 312 trong file test]", "313": "[Câu trả lời cho câu hỏi 313 trong file test]", "314": "[Câu trả lời cho câu hỏi 314 trong file test]", "315": "[Câu trả lời cho câu hỏi 315 trong file test]", "316": "[Câu trả lời cho câu hỏi 316 trong file test]", "317": "[Câu trả lời cho câu hỏi 317 trong file test]", "318": "[Câu trả lời cho câu hỏi 318 trong file test]", "319": "[Câu trả lời cho câu hỏi 319 trong file test]", "320": "[Câu trả lời cho câu hỏi 320 trong file test]", "321": "[Câu trả lời cho câu hỏi 321 trong file test]", "322": "[Câu trả lời cho câu hỏi 322 trong file test]", "323": "[Câu trả lời cho câu hỏi 323 trong file test]", "324": "[Câu trả lời cho câu hỏi 324 trong file test]", "325": "[Câu trả lời cho câu hỏi 325 trong file test]", "326": "[Câu trả lời cho câu hỏi 326 trong file test]", "327": "[Câu trả lời cho câu hỏi 327 trong file test]", "328": "[Câu trả lời cho câu hỏi 328 trong file test]", "329": "[Câu trả lời cho câu hỏi 329 trong file test]", "330": "[Câu trả lời cho câu hỏi 330 trong file test]", "331": "[Câu trả lời cho câu hỏi 331 trong file test]", "332": "[Câu trả lời cho câu hỏi 332 trong file test]", "333": "[Câu trả lời cho câu hỏi 333 trong file test]", "334": "[Câu trả lời cho câu hỏi 334 trong file test]", "335": "[Câu trả lời cho câu hỏi 335 trong file test]", "336": "[Câu trả lời cho câu hỏi 336 trong file test]", "337": "[Câu trả lời cho câu hỏi 337 trong file test]", "338": "[Câu trả lời cho câu hỏi 338 trong file test]", "339": "[Câu trả lời cho câu hỏi 339 trong file test]", "340": "[Câu trả lời cho câu hỏi 340 trong file test]", "341": "[Câu trả lời cho câu hỏi 341 trong file test]", "342": "[Câu trả lời cho câu hỏi 342 trong file test]", "343": "[Câu trả lời cho câu hỏi 343 trong file test]", "344": "[Câu trả lời cho câu hỏi 344 trong file test]", "345": "[Câu trả lời cho câu hỏi 345 trong file test]", "346": "[Câu trả lời cho câu hỏi 346 trong file test]", "347": "[Câu trả lời cho câu hỏi 347 trong file test]", "348": "[Câu trả lời cho câu hỏi 348 trong file test]", "349": "[Câu trả lời cho câu hỏi 349 trong file test]", "350": "[Câu trả lời cho câu hỏi 350 trong file test]", "351": "[Câu trả lời cho câu hỏi 351 trong file test]", "352": "[Câu trả lời cho câu hỏi 352 trong file test]", "353": "[Câu trả lời cho câu hỏi 353 trong file test]", "354": "[Câu trả lời cho câu hỏi 354 trong file test]", "355": "[Câu trả lời cho câu hỏi 355 trong file test]", "356": "[Câu trả lời cho câu hỏi 356 trong file test]", "357": "[Câu trả lời cho câu hỏi 357 trong file test]", "358": "[Câu trả lời cho câu hỏi 358 trong file test]", "359": "[Câu trả lời cho câu hỏi 359 trong file test]", "360": "[Câu trả lời cho câu hỏi 360 trong file test]", "361": "[Câu trả lời cho câu hỏi 361 trong file test]", "362": "[Câu trả lời cho câu hỏi 362 trong file test]", "363": "[Câu trả lời cho câu hỏi 363 trong file test]", "364": "[Câu trả lời cho câu hỏi 364 trong file test]", "365": "[Câu trả lời cho câu hỏi 365 trong file test]", "366": "[Câu trả lời cho câu hỏi 366 trong file test]", "367": "[Câu trả lời cho câu hỏi 367 trong file test]", "368": "[Câu trả lời cho câu hỏi 368 trong file test]", "369": "[Câu trả lời cho câu hỏi 369 trong file test]", "370": "[Câu trả lời cho câu hỏi 370 trong file test]", "371": "[Câu trả lời cho câu hỏi 371 trong file test]", "372": "[Câu trả lời cho câu hỏi 372 trong file test]", "373": "[Câu trả lời cho câu hỏi 373 trong file test]", "374": "[Câu trả lời cho câu hỏi 374 trong file test]", "375": "[Câu trả lời cho câu hỏi 375 trong file test]", "376": "[Câu trả lời cho câu hỏi 376 trong file test]", "377": "[Câu trả lời cho câu hỏi 377 trong file test]", "378": "[Câu trả lời cho câu hỏi 378 trong file test]", "379": "[Câu trả lời cho câu hỏi 379 trong file test]", "380": "[Câu trả lời cho câu hỏi 380 trong file test]", "381": "[Câu trả lời cho câu hỏi 381 trong file test]", "382": "[Câu trả lời cho câu hỏi 382 trong file test]", "383": "[Câu trả lời cho câu hỏi 383 trong file test]", "384": "[Câu trả lời cho câu hỏi 384 trong file test]", "385": "[Câu trả lời cho câu hỏi 385 trong file test]", "386": "[Câu trả lời cho câu hỏi 386 trong file test]", "387": "[Câu trả lời cho câu hỏi 387 trong file test]", "388": "[Câu trả lời cho câu hỏi 388 trong file test]", "389": "[Câu trả lời cho câu hỏi 389 trong file test]", "390": "[Câu trả lời cho câu hỏi 390 trong file test]", "391": "[Câu trả lời cho câu hỏi 391 trong file test]", "392": "[Câu trả lời cho câu hỏi 392 trong file test]", "393": "[Câu trả lời cho câu hỏi 393 trong file test]", "394": "[Câu trả lời cho câu hỏi 394 trong file test]", "395": "[Câu trả lời cho câu hỏi 395 trong file test]", "396": "[Câu trả lời cho câu hỏi 396 trong file test]", "397": "[Câu trả lời cho câu hỏi 397 trong file test]", "398": "[Câu trả lời cho câu hỏi 398 trong file test]", "399": "[Câu trả lời cho câu hỏi 399 trong file test]", "400": "[Câu trả lời cho câu hỏi 400 trong file test]", "401": "[Câu trả lời cho câu hỏi 401 trong file test]", "402": "[Câu trả lời cho câu hỏi 402 trong file test]", "403": "[Câu trả lời cho câu hỏi 403 trong file test]", "404": "[Câu trả lời cho câu hỏi 404 trong file test]", "405": "[Câu trả lời cho câu hỏi 405 trong file test]", "406": "[Câu trả lời cho câu hỏi 406 trong file test]", "407": "[Câu trả lời cho câu hỏi 407 trong file test]", "408": "[Câu trả lời cho câu hỏi 408 trong file test]", "409": "[Câu trả lời cho câu hỏi 409 trong file test]", "410": "[Câu trả lời cho câu hỏi 410 trong file test]", "411": "[Câu trả lời cho câu hỏi 411 trong file test]", "412": "[Câu trả lời cho câu hỏi 412 trong file test]", "413": "[Câu trả lời cho câu hỏi 413 trong file test]", "414": "[Câu trả lời cho câu hỏi 414 trong file test]", "415": "[Câu trả lời cho câu hỏi 415 trong file test]", "416": "[Câu trả lời cho câu hỏi 416 trong file test]", "417": "[Câu trả lời cho câu hỏi 417 trong file test]", "418": "[Câu trả lời cho câu hỏi 418 trong file test]", "419": "[Câu trả lời cho câu hỏi 419 trong file test]", "420": "[Câu trả lời cho câu hỏi 420 trong file test]", "421": "[Câu trả lời cho câu hỏi 421 trong file test]", "422": "[Câu trả lời cho câu hỏi 422 trong file test]", "423": "[Câu trả lời cho câu hỏi 423 trong file test]", "424": "[Câu trả lời cho câu hỏi 424 trong file test]", "425": "[Câu trả lời cho câu hỏi 425 trong file test]", "426": "[Câu trả lời cho câu hỏi 426 trong file test]", "427": "[Câu trả lời cho câu hỏi 427 trong file test]", "428": "[Câu trả lời cho câu hỏi 428 trong file test]", "429": "[Câu trả lời cho câu hỏi 429 trong file test]", "430": "[Câu trả lời cho câu hỏi 430 trong file test]", "431": "[Câu trả lời cho câu hỏi 431 trong file test]", "432": "[Câu trả lời cho câu hỏi 432 trong file test]", "433": "[Câu trả lời cho câu hỏi 433 trong file test]", "434": "[Câu trả lời cho câu hỏi 434 trong file test]", "435": "[Câu trả lời cho câu hỏi 435 trong file test]", "436": "[Câu trả lời cho câu hỏi 436 trong file test]", "437": "[Câu trả lời cho câu hỏi 437 trong file test]", "438": "[Câu trả lời cho câu hỏi 438 trong file test]", "439": "[Câu trả lời cho câu hỏi 439 trong file test]", "440": "[Câu trả lời cho câu hỏi 440 trong file test]", "441": "[Câu trả lời cho câu hỏi 441 trong file test]", "442": "[Câu trả lời cho câu hỏi 442 trong file test]", "443": "[Câu trả lời cho câu hỏi 443 trong file test]", "444": "[Câu trả lời cho câu hỏi 444 trong file test]", "445": "[Câu trả lời cho câu hỏi 445 trong file test]", "446": "[Câu trả lời cho câu hỏi 446 trong file test]", "447": "[Câu trả lời cho câu hỏi 447 trong file test]", "448": "[Câu trả lời cho câu hỏi 448 trong file test]", "449": "[Câu trả lời cho câu hỏi 449 trong file test]", "450": "[Câu trả lời cho câu hỏi 450 trong file test]", "451": "[Câu trả lời cho câu hỏi 451 trong file test]", "452": "[Câu trả lời cho câu hỏi 452 trong file test]", "453": "[Câu trả lời cho câu hỏi 453 trong file test]", "454": "[Câu trả lời cho câu hỏi 454 trong file test]", "455": "[Câu trả lời cho câu hỏi 455 trong file test]", "456": "[Câu trả lời cho câu hỏi 456 trong file test]", "457": "[Câu trả lời cho câu hỏi 457 trong file test]", "458": "[Câu trả lời cho câu hỏi 458 trong file test]", "459": "[Câu trả lời cho câu hỏi 459 trong file test]", "460": "[Câu trả lời cho câu hỏi 460 trong file test]", "461": "[Câu trả lời cho câu hỏi 461 trong file test]", "462": "[Câu trả lời cho câu hỏi 462 trong file test]", "463": "[Câu trả lời cho câu hỏi 463 trong file test]", "464": "[Câu trả lời cho câu hỏi 464 trong file test]", "465": "[Câu trả lời cho câu hỏi 465 trong file test]", "466": "[Câu trả lời cho câu hỏi 466 trong file test]", "467": "[Câu trả lời cho câu hỏi 467 trong file test]", "468": "[Câu trả lời cho câu hỏi 468 trong file test]", "469": "[Câu trả lời cho câu hỏi 469 trong file test]", "470": "[Câu trả lời cho câu hỏi 470 trong file test]", "471": "[Câu trả lời cho câu hỏi 471 trong file test]", "472": "[Câu trả lời cho câu hỏi 472 trong file test]", "473": "[Câu trả lời cho câu hỏi 473 trong file test]", "474": "[Câu trả lời cho câu hỏi 474 trong file test]", "475": "[Câu trả lời cho câu hỏi 475 trong file test]", "476": "[Câu trả lời cho câu hỏi 476 trong file test]", "477": "[Câu trả lời cho câu hỏi 477 trong file test]", "478": "[Câu trả lời cho câu hỏi 478 trong file test]", "479": "[Câu trả lời cho câu hỏi 479 trong file test]", "480": "[Câu trả lời cho câu hỏi 480 trong file test]", "481": "[Câu trả lời cho câu hỏi 481 trong file test]", "482": "[Câu trả lời cho câu hỏi 482 trong file test]", "483": "[Câu trả lời cho câu hỏi 483 trong file test]", "484": "[Câu trả lời cho câu hỏi 484 trong file test]", "485": "[Câu trả lời cho câu hỏi 485 trong file test]", "486": "[Câu trả lời cho câu hỏi 486 trong file test]", "487": "[Câu trả lời cho câu hỏi 487 trong file test]", "488": "[Câu trả lời cho câu hỏi 488 trong file test]", "489": "[Câu trả lời cho câu hỏi 489 trong file test]", "490": "[Câu trả lời cho câu hỏi 490 trong file test]", "491": "[Câu trả lời cho câu hỏi 491 trong file test]", "492": "[Câu trả lời cho câu hỏi 492 trong file test]", "493": "[Câu trả lời cho câu hỏi 493 trong file test]", "494": "[Câu trả lời cho câu hỏi 494 trong file test]", "495": "[Câu trả lời cho câu hỏi 495 trong file test]", "496": "[Câu trả lời cho câu hỏi 496 trong file test]", "497": "[Câu trả lời cho câu hỏi 497 trong file test]", "498": "[Câu trả lời cho câu hỏi 498 trong file test]", "499": "[Câu trả lời cho câu hỏi 499 trong file test]", "500": "[Câu trả lời cho câu hỏi 500 trong file test]", "501": "[Câu trả lời cho câu hỏi 501 trong file test]", "502": "[Câu trả lời cho câu hỏi 502 trong file test]", "503": "[Câu trả lời cho câu hỏi 503 trong file test]", "504": "[Câu trả lời cho câu hỏi 504 trong file test]", "505": "[Câu trả lời cho câu hỏi 505 trong file test]", "506": "[Câu trả lời cho câu hỏi 506 trong file test]", "507": "[Câu trả lời cho câu hỏi 507 trong file test]", "508": "[Câu trả lời cho câu hỏi 508 trong file test]", "509": "[Câu trả lời cho câu hỏi 509 trong file test]", "510": "[Câu trả lời cho câu hỏi 510 trong file test]", "511": "[Câu trả lời cho câu hỏi 511 trong file test]", "512": "[Câu trả lời cho câu hỏi 512 trong file test]", "513": "[Câu trả lời cho câu hỏi 513 trong file test]", "514": "[Câu trả lời cho câu hỏi 514 trong file test]", "515": "[Câu trả lời cho câu hỏi 515 trong file test]", "516": "[Câu trả lời cho câu hỏi 516 trong file test]", "517": "[Câu trả lời cho câu hỏi 517 trong file test]", "518": "[Câu trả lời cho câu hỏi 518 trong file test]", "519": "[Câu trả lời cho câu hỏi 519 trong file test]", "520": "[Câu trả lời cho câu hỏi 520 trong file test]", "521": "[Câu trả lời cho câu hỏi 521 trong file test]", "522": "[Câu trả lời cho câu hỏi 522 trong file test]", "523": "[Câu trả lời cho câu hỏi 523 trong file test]", "524": "[Câu trả lời cho câu hỏi 524 trong file test]", "525": "[Câu trả lời cho câu hỏi 525 trong file test]", "526": "[Câu trả lời cho câu hỏi 526 trong file test]", "527": "[Câu trả lời cho câu hỏi 527 trong file test]", "528": "[Câu trả lời cho câu hỏi 528 trong file test]", "529": "[Câu trả lời cho câu hỏi 529 trong file test]", "530": "[Câu trả lời cho câu hỏi 530 trong file test]", "531": "[Câu trả lời cho câu hỏi 531 trong file test]", "532": "[Câu trả lời cho câu hỏi 532 trong file test]", "533": "[Câu trả lời cho câu hỏi 533 trong file test]", "534": "[Câu trả lời cho câu hỏi 534 trong file test]", "535": "[Câu trả lời cho câu hỏi 535 trong file test]", "536": "[Câu trả lời cho câu hỏi 536 trong file test]", "537": "[Câu trả lời cho câu hỏi 537 trong file test]", "538": "[Câu trả lời cho câu hỏi 538 trong file test]", "539": "[Câu trả lời cho câu hỏi 539 trong file test]", "540": "[Câu trả lời cho câu hỏi 540 trong file test]", "541": "[Câu trả lời cho câu hỏi 541 trong file test]", "542": "[Câu trả lời cho câu hỏi 542 trong file test]", "543": "[Câu trả lời cho câu hỏi 543 trong file test]", "544": "[Câu trả lời cho câu hỏi 544 trong file test]", "545": "[Câu trả lời cho câu hỏi 545 trong file test]", "546": "[Câu trả lời cho câu hỏi 546 trong file test]", "547": "[Câu trả lời cho câu hỏi 547 trong file test]", "548": "[Câu trả lời cho câu hỏi 548 trong file test]", "549": "[Câu trả lời cho câu hỏi 549 trong file test]", "550": "[Câu trả lời cho câu hỏi 550 trong file test]", "551": "[Câu trả lời cho câu hỏi 551 trong file test]", "552": "[Câu trả lời cho câu hỏi 552 trong file test]", "553": "[Câu trả lời cho câu hỏi 553 trong file test]", "554": "[Câu trả lời cho câu hỏi 554 trong file test]", "555": "[Câu trả lời cho câu hỏi 555 trong file test]", "556": "[Câu trả lời cho câu hỏi 556 trong file test]", "557": "[Câu trả lời cho câu hỏi 557 trong file test]", "558": "[Câu trả lời cho câu hỏi 558 trong file test]", "559": "[Câu trả lời cho câu hỏi 559 trong file test]", "560": "[Câu trả lời cho câu hỏi 560 trong file test]", "561": "[Câu trả lời cho câu hỏi 561 trong file test]", "562": "[Câu trả lời cho câu hỏi 562 trong file test]", "563": "[Câu trả lời cho câu hỏi 563 trong file test]", "564": "[Câu trả lời cho câu hỏi 564 trong file test]", "565": "[Câu trả lời cho câu hỏi 565 trong file test]", "566": "[Câu trả lời cho câu hỏi 566 trong file test]", "567": "[Câu trả lời cho câu hỏi 567 trong file test]", "568": "[Câu trả lời cho câu hỏi 568 trong file test]", "569": "[Câu trả lời cho câu hỏi 569 trong file test]", "570": "[Câu trả lời cho câu hỏi 570 trong file test]", "571": "[Câu trả lời cho câu hỏi 571 trong file test]", "572": "[Câu trả lời cho câu hỏi 572 trong file test]", "573": "[Câu trả lời cho câu hỏi 573 trong file test]", "574": "[Câu trả lời cho câu hỏi 574 trong file test]", "575": "[Câu trả lời cho câu hỏi 575 trong file test]", "576": "[Câu trả lời cho câu hỏi 576 trong file test]", "577": "[Câu trả lời cho câu hỏi 577 trong file test]", "578": "[Câu trả lời cho câu hỏi 578 trong file test]", "579": "[Câu trả lời cho câu hỏi 579 trong file test]", "580": "[Câu trả lời cho câu hỏi 580 trong file test]", "581": "[Câu trả lời cho câu hỏi 581 trong file test]", "582": "[Câu trả lời cho câu hỏi 582 trong file test]", "583": "[Câu trả lời cho câu hỏi 583 trong file test]", "584": "[Câu trả lời cho câu hỏi 584 trong file test]", "585": "[Câu trả lời cho câu hỏi 585 trong file test]", "586": "[Câu trả lời cho câu hỏi 586 trong file test]", "587": "[Câu trả lời cho câu hỏi 587 trong file test]", "588": "[Câu trả lời cho câu hỏi 588 trong file test]", "589": "[Câu trả lời cho câu hỏi 589 trong file test]", "590": "[Câu trả lời cho câu hỏi 590 trong file test]", "591": "[Câu trả lời cho câu hỏi 591 trong file test]", "592": "[Câu trả lời cho câu hỏi 592 trong file test]", "593": "[Câu trả lời cho câu hỏi 593 trong file test]", "594": "[Câu trả lời cho câu hỏi 594 trong file test]", "595": "[Câu trả lời cho câu hỏi 595 trong file test]", "596": "[Câu trả lời cho câu hỏi 596 trong file test]", "597": "[Câu trả lời cho câu hỏi 597 trong file test]", "598": "[Câu trả lời cho câu hỏi 598 trong file test]", "599": "[Câu trả lời cho câu hỏi 599 trong file test]", "600": "[Câu trả lời cho câu hỏi 600 trong file test]", "601": "[Câu trả lời cho câu hỏi 601 trong file test]", "602": "[Câu trả lời cho câu hỏi 602 trong file test]", "603": "[Câu trả lời cho câu hỏi 603 trong file test]", "604": "[Câu trả lời cho câu hỏi 604 trong file test]", "605": "[Câu trả lời cho câu hỏi 605 trong file test]", "606": "[Câu trả lời cho câu hỏi 606 trong file test]", "607": "[Câu trả lời cho câu hỏi 607 trong file test]", "608": "[Câu trả lời cho câu hỏi 608 trong file test]", "609": "[Câu trả lời cho câu hỏi 609 trong file test]", "610": "[Câu trả lời cho câu hỏi 610 trong file test]", "611": "[Câu trả lời cho câu hỏi 611 trong file test]", "612": "[Câu trả lời cho câu hỏi 612 trong file test]", "613": "[Câu trả lời cho câu hỏi 613 trong file test]", "614": "[Câu trả lời cho câu hỏi 614 trong file test]", "615": "[Câu trả lời cho câu hỏi 615 trong file test]", "616": "[Câu trả lời cho câu hỏi 616 trong file test]", "617": "[Câu trả lời cho câu hỏi 617 trong file test]", "618": "[Câu trả lời cho câu hỏi 618 trong file test]", "619": "[Câu trả lời cho câu hỏi 619 trong file test]", "620": "[Câu trả lời cho câu hỏi 620 trong file test]", "621": "[Câu trả lời cho câu hỏi 621 trong file test]", "622": "[Câu trả lời cho câu hỏi 622 trong file test]", "623": "[Câu trả lời cho câu hỏi 623 trong file test]", "624": "[Câu trả lời cho câu hỏi 624 trong file test]", "625": "[Câu trả lời cho câu hỏi 625 trong file test]", "626": "[Câu trả lời cho câu hỏi 626 trong file test]", "627": "[Câu trả lời cho câu hỏi 627 trong file test]", "628": "[Câu trả lời cho câu hỏi 628 trong file test]", "629": "[Câu trả lời cho câu hỏi 629 trong file test]", "630": "[Câu trả lời cho câu hỏi 630 trong file test]", "631": "[Câu trả lời cho câu hỏi 631 trong file test]", "632": "[Câu trả lời cho câu hỏi 632 trong file test]", "633": "[Câu trả lời cho câu hỏi 633 trong file test]", "634": "[Câu trả lời cho câu hỏi 634 trong file test]", "635": "[Câu trả lời cho câu hỏi 635 trong file test]", "636": "[Câu trả lời cho câu hỏi 636 trong file test]", "637": "[Câu trả lời cho câu hỏi 637 trong file test]", "638": "[Câu trả lời cho câu hỏi 638 trong file test]", "639": "[Câu trả lời cho câu hỏi 639 trong file test]", "640": "[Câu trả lời cho câu hỏi 640 trong file test]", "641": "[Câu trả lời cho câu hỏi 641 trong file test]", "642": "[Câu trả lời cho câu hỏi 642 trong file test]", "643": "[Câu trả lời cho câu hỏi 643 trong file test]", "644": "[Câu trả lời cho câu hỏi 644 trong file test]", "645": "[Câu trả lời cho câu hỏi 645 trong file test]", "646": "[Câu trả lời cho câu hỏi 646 trong file test]", "647": "[Câu trả lời cho câu hỏi 647 trong file test]", "648": "[Câu trả lời cho câu hỏi 648 trong file test]", "649": "[Câu trả lời cho câu hỏi 649 trong file test]", "650": "[Câu trả lời cho câu hỏi 650 trong file test]", "651": "[Câu trả lời cho câu hỏi 651 trong file test]", "652": "[Câu trả lời cho câu hỏi 652 trong file test]", "653": "[Câu trả lời cho câu hỏi 653 trong file test]", "654": "[Câu trả lời cho câu hỏi 654 trong file test]", "655": "[Câu trả lời cho câu hỏi 655 trong file test]", "656": "[Câu trả lời cho câu hỏi 656 trong file test]", "657": "[Câu trả lời cho câu hỏi 657 trong file test]", "658": "[Câu trả lời cho câu hỏi 658 trong file test]", "659": "[Câu trả lời cho câu hỏi 659 trong file test]", "660": "[Câu trả lời cho câu hỏi 660 trong file test]", "661": "[Câu trả lời cho câu hỏi 661 trong file test]", "662": "[Câu trả lời cho câu hỏi 662 trong file test]", "663": "[Câu trả lời cho câu hỏi 663 trong file test]", "664": "[Câu trả lời cho câu hỏi 664 trong file test]", "665": "[Câu trả lời cho câu hỏi 665 trong file test]", "666": "[Câu trả lời cho câu hỏi 666 trong file test]", "667": "[Câu trả lời cho câu hỏi 667 trong file test]", "668": "[Câu trả lời cho câu hỏi 668 trong file test]", "669": "[Câu trả lời cho câu hỏi 669 trong file test]", "670": "[Câu trả lời cho câu hỏi 670 trong file test]", "671": "[Câu trả lời cho câu hỏi 671 trong file test]", "672": "[Câu trả lời cho câu hỏi 672 trong file test]", "673": "[Câu trả lời cho câu hỏi 673 trong file test]", "674": "[Câu trả lời cho câu hỏi 674 trong file test]", "675": "[Câu trả lời cho câu hỏi 675 trong file test]", "676": "[Câu trả lời cho câu hỏi 676 trong file test]", "677": "[Câu trả lời cho câu hỏi 677 trong file test]", "678": "[Câu trả lời cho câu hỏi 678 trong file test]", "679": "[Câu trả lời cho câu hỏi 679 trong file test]", "680": "[Câu trả lời cho câu hỏi 680 trong file test]", "681": "[Câu trả lời cho câu hỏi 681 trong file test]", "682": "[Câu trả lời cho câu hỏi 682 trong file test]", "683": "[Câu trả lời cho câu hỏi 683 trong file test]", "684": "[Câu trả lời cho câu hỏi 684 trong file test]", "685": "[Câu trả lời cho câu hỏi 685 trong file test]", "686": "[Câu trả lời cho câu hỏi 686 trong file test]", "687": "[Câu trả lời cho câu hỏi 687 trong file test]", "688": "[Câu trả lời cho câu hỏi 688 trong file test]", "689": "[Câu trả lời cho câu hỏi 689 trong file test]", "690": "[Câu trả lời cho câu hỏi 690 trong file test]", "691": "[Câu trả lời cho câu hỏi 691 trong file test]", "692": "[Câu trả lời cho câu hỏi 692 trong file test]", "693": "[Câu trả lời cho câu hỏi 693 trong file test]", "694": "[Câu trả lời cho câu hỏi 694 trong file test]", "695": "[Câu trả lời cho câu hỏi 695 trong file test]", "696": "[Câu trả lời cho câu hỏi 696 trong file test]", "697": "[Câu trả lời cho câu hỏi 697 trong file test]", "698": "[Câu trả lời cho câu hỏi 698 trong file test]", "699": "[Câu trả lời cho câu hỏi 699 trong file test]", "700": "[Câu trả lời cho câu hỏi 700 trong file test]", "701": "[Câu trả lời cho câu hỏi 701 trong file test]", "702": "[Câu trả lời cho câu hỏi 702 trong file test]", "703": "[Câu trả lời cho câu hỏi 703 trong file test]", "704": "[Câu trả lời cho câu hỏi 704 trong file test]", "705": "[Câu trả lời cho câu hỏi 705 trong file test]", "706": "[Câu trả lời cho câu hỏi 706 trong file test]", "707": "[Câu trả lời cho câu hỏi 707 trong file test]", "708": "[Câu trả lời cho câu hỏi 708 trong file test]", "709": "[Câu trả lời cho câu hỏi 709 trong file test]", "710": "[Câu trả lời cho câu hỏi 710 trong file test]", "711": "[Câu trả lời cho câu hỏi 711 trong file test]", "712": "[Câu trả lời cho câu hỏi 712 trong file test]", "713": "[Câu trả lời cho câu hỏi 713 trong file test]", "714": "[Câu trả lời cho câu hỏi 714 trong file test]", "715": "[Câu trả lời cho câu hỏi 715 trong file test]", "716": "[Câu trả lời cho câu hỏi 716 trong file test]", "717": "[Câu trả lời cho câu hỏi 717 trong file test]", "718": "[Câu trả lời cho câu hỏi 718 trong file test]", "719": "[Câu trả lời cho câu hỏi 719 trong file test]", "720": "[Câu trả lời cho câu hỏi 720 trong file test]", "721": "[Câu trả lời cho câu hỏi 721 trong file test]", "722": "[Câu trả lời cho câu hỏi 722 trong file test]", "723": "[Câu trả lời cho câu hỏi 723 trong file test]", "724": "[Câu trả lời cho câu hỏi 724 trong file test]", "725": "[Câu trả lời cho câu hỏi 725 trong file test]", "726": "[Câu trả lời cho câu hỏi 726 trong file test]", "727": "[Câu trả lời cho câu hỏi 727 trong file test]", "728": "[Câu trả lời cho câu hỏi 728 trong file test]", "729": "[Câu trả lời cho câu hỏi 729 trong file test]", "730": "[Câu trả lời cho câu hỏi 730 trong file test]", "731": "[Câu trả lời cho câu hỏi 731 trong file test]", "732": "[Câu trả lời cho câu hỏi 732 trong file test]", "733": "[Câu trả lời cho câu hỏi 733 trong file test]", "734": "[Câu trả lời cho câu hỏi 734 trong file test]", "735": "[Câu trả lời cho câu hỏi 735 trong file test]", "736": "[Câu trả lời cho câu hỏi 736 trong file test]", "737": "[Câu trả lời cho câu hỏi 737 trong file test]", "738": "[Câu trả lời cho câu hỏi 738 trong file test]", "739": "[Câu trả lời cho câu hỏi 739 trong file test]", "740": "[Câu trả lời cho câu hỏi 740 trong file test]", "741": "[Câu trả lời cho câu hỏi 741 trong file test]", "742": "[Câu trả lời cho câu hỏi 742 trong file test]", "743": "[Câu trả lời cho câu hỏi 743 trong file test]", "744": "[Câu trả lời cho câu hỏi 744 trong file test]", "745": "[Câu trả lời cho câu hỏi 745 trong file test]", "746": "[Câu trả lời cho câu hỏi 746 trong file test]", "747": "[Câu trả lời cho câu hỏi 747 trong file test]", "748": "[Câu trả lời cho câu hỏi 748 trong file test]", "749": "[Câu trả lời cho câu hỏi 749 trong file test]", "750": "[Câu trả lời cho câu hỏi 750 trong file test]", "751": "[Câu trả lời cho câu hỏi 751 trong file test]", "752": "[Câu trả lời cho câu hỏi 752 trong file test]", "753": "[Câu trả lời cho câu hỏi 753 trong file test]", "754": "[Câu trả lời cho câu hỏi 754 trong file test]", "755": "[Câu trả lời cho câu hỏi 755 trong file test]", "756": "[Câu trả lời cho câu hỏi 756 trong file test]", "757": "[Câu trả lời cho câu hỏi 757 trong file test]", "758": "[Câu trả lời cho câu hỏi 758 trong file test]", "759": "[Câu trả lời cho câu hỏi 759 trong file test]", "760": "[Câu trả lời cho câu hỏi 760 trong file test]", "761": "[Câu trả lời cho câu hỏi 761 trong file test]", "762": "[Câu trả lời cho câu hỏi 762 trong file test]", "763": "[Câu trả lời cho câu hỏi 763 trong file test]", "764": "[Câu trả lời cho câu hỏi 764 trong file test]", "765": "[Câu trả lời cho câu hỏi 765 trong file test]", "766": "[Câu trả lời cho câu hỏi 766 trong file test]", "767": "[Câu trả lời cho câu hỏi 767 trong file test]", "768": "[Câu trả lời cho câu hỏi 768 trong file test]", "769": "[Câu trả lời cho câu hỏi 769 trong file test]", "770": "[Câu trả lời cho câu hỏi 770 trong file test]", "771": "[Câu trả lời cho câu hỏi 771 trong file test]", "772": "[Câu trả lời cho câu hỏi 772 trong file test]", "773": "[Câu trả lời cho câu hỏi 773 trong file test]", "774": "[Câu trả lời cho câu hỏi 774 trong file test]", "775": "[Câu trả lời cho câu hỏi 775 trong file test]", "776": "[Câu trả lời cho câu hỏi 776 trong file test]", "777": "[Câu trả lời cho câu hỏi 777 trong file test]", "778": "[Câu trả lời cho câu hỏi 778 trong file test]", "779": "[Câu trả lời cho câu hỏi 779 trong file test]", "780": "[Câu trả lời cho câu hỏi 780 trong file test]", "781": "[Câu trả lời cho câu hỏi 781 trong file test]", "782": "[Câu trả lời cho câu hỏi 782 trong file test]", "783": "[Câu trả lời cho câu hỏi 783 trong file test]", "784": "[Câu trả lời cho câu hỏi 784 trong file test]", "785": "[Câu trả lời cho câu hỏi 785 trong file test]", "786": "[Câu trả lời cho câu hỏi 786 trong file test]", "787": "[Câu trả lời cho câu hỏi 787 trong file test]", "788": "[Câu trả lời cho câu hỏi 788 trong file test]", "789": "[Câu trả lời cho câu hỏi 789 trong file test]", "790": "[Câu trả lời cho câu hỏi 790 trong file test]", "791": "[Câu trả lời cho câu hỏi 791 trong file test]", "792": "[Câu trả lời cho câu hỏi 792 trong file test]", "793": "[Câu trả lời cho câu hỏi 793 trong file test]", "794": "[Câu trả lời cho câu hỏi 794 trong file test]", "795": "[Câu trả lời cho câu hỏi 795 trong file test]", "796": "[Câu trả lời cho câu hỏi 796 trong file test]", "797": "[Câu trả lời cho câu hỏi 797 trong file test]", "798": "[Câu trả lời cho câu hỏi 798 trong file test]", "799": "[Câu trả lời cho câu hỏi 799 trong file test]", "800": "[Câu trả lời cho câu hỏi 800 trong file test]", "801": "[Câu trả lời cho câu hỏi 801 trong file test]", "802": "[Câu trả lời cho câu hỏi 802 trong file test]", "803": "[Câu trả lời cho câu hỏi 803 trong file test]", "804": "[Câu trả lời cho câu hỏi 804 trong file test]", "805": "[Câu trả lời cho câu hỏi 805 trong file test]", "806": "[Câu trả lời cho câu hỏi 806 trong file test]", "807": "[Câu trả lời cho câu hỏi 807 trong file test]", "808": "[Câu trả lời cho câu hỏi 808 trong file test]", "809": "[Câu trả lời cho câu hỏi 809 trong file test]", "810": "[Câu trả lời cho câu hỏi 810 trong file test]", "811": "[Câu trả lời cho câu hỏi 811 trong file test]", "812": "[Câu trả lời cho câu hỏi 812 trong file test]", "813": "[Câu trả lời cho câu hỏi 813 trong file test]", "814": "[Câu trả lời cho câu hỏi 814 trong file test]", "815": "[Câu trả lời cho câu hỏi 815 trong file test]", "816": "[Câu trả lời cho câu hỏi 816 trong file test]", "817": "[Câu trả lời cho câu hỏi 817 trong file test]", "818": "[Câu trả lời cho câu hỏi 818 trong file test]", "819": "[Câu trả lời cho câu hỏi 819 trong file test]", "820": "[Câu trả lời cho câu hỏi 820 trong file test]", "821": "[Câu trả lời cho câu hỏi 821 trong file test]", "822": "[Câu trả lời cho câu hỏi 822 trong file test]", "823": "[Câu trả lời cho câu hỏi 823 trong file test]", "824": "[Câu trả lời cho câu hỏi 824 trong file test]", "825": "[Câu trả lời cho câu hỏi 825 trong file test]", "826": "[Câu trả lời cho câu hỏi 826 trong file test]", "827": "[Câu trả lời cho câu hỏi 827 trong file test]", "828": "[Câu trả lời cho câu hỏi 828 trong file test]", "829": "[Câu trả lời cho câu hỏi 829 trong file test]", "830": "[Câu trả lời cho câu hỏi 830 trong file test]", "831": "[Câu trả lời cho câu hỏi 831 trong file test]", "832": "[Câu trả lời cho câu hỏi 832 trong file test]", "833": "[Câu trả lời cho câu hỏi 833 trong file test]", "834": "[Câu trả lời cho câu hỏi 834 trong file test]", "835": "[Câu trả lời cho câu hỏi 835 trong file test]", "836": "[Câu trả lời cho câu hỏi 836 trong file test]", "837": "[Câu trả lời cho câu hỏi 837 trong file test]", "838": "[Câu trả lời cho câu hỏi 838 trong file test]", "839": "[Câu trả lời cho câu hỏi 839 trong file test]", "840": "[Câu trả lời cho câu hỏi 840 trong file test]", "841": "[Câu trả lời cho câu hỏi 841 trong file test]", "842": "[Câu trả lời cho câu hỏi 842 trong file test]", "843": "[Câu trả lời cho câu hỏi 843 trong file test]", "844": "[Câu trả lời cho câu hỏi 844 trong file test]", "845": "[Câu trả lời cho câu hỏi 845 trong file test]", "846": "[Câu trả lời cho câu hỏi 846 trong file test]", "847": "[Câu trả lời cho câu hỏi 847 trong file test]", "848": "[Câu trả lời cho câu hỏi 848 trong file test]", "849": "[Câu trả lời cho câu hỏi 849 trong file test]", "850": "[Câu trả lời cho câu hỏi 850 trong file test]", "851": "[Câu trả lời cho câu hỏi 851 trong file test]", "852": "[Câu trả lời cho câu hỏi 852 trong file test]", "853": "[Câu trả lời cho câu hỏi 853 trong file test]", "854": "[Câu trả lời cho câu hỏi 854 trong file test]", "855": "[Câu trả lời cho câu hỏi 855 trong file test]", "856": "[Câu trả lời cho câu hỏi 856 trong file test]", "857": "[Câu trả lời cho câu hỏi 857 trong file test]", "858": "[Câu trả lời cho câu hỏi 858 trong file test]", "859": "[Câu trả lời cho câu hỏi 859 trong file test]", "860": "[Câu trả lời cho câu hỏi 860 trong file test]", "861": "[Câu trả lời cho câu hỏi 861 trong file test]", "862": "[Câu trả lời cho câu hỏi 862 trong file test]", "863": "[Câu trả lời cho câu hỏi 863 trong file test]", "864": "[Câu trả lời cho câu hỏi 864 trong file test]", "865": "[Câu trả lời cho câu hỏi 865 trong file test]", "866": "[Câu trả lời cho câu hỏi 866 trong file test]", "867": "[Câu trả lời cho câu hỏi 867 trong file test]", "868": "[Câu trả lời cho câu hỏi 868 trong file test]", "869": "[Câu trả lời cho câu hỏi 869 trong file test]", "870": "[Câu trả lời cho câu hỏi 870 trong file test]", "871": "[Câu trả lời cho câu hỏi 871 trong file test]", "872": "[Câu trả lời cho câu hỏi 872 trong file test]", "873": "[Câu trả lời cho câu hỏi 873 trong file test]", "874": "[Câu trả lời cho câu hỏi 874 trong file test]", "875": "[Câu trả lời cho câu hỏi 875 trong file test]", "876": "[Câu trả lời cho câu hỏi 876 trong file test]", "877": "[Câu trả lời cho câu hỏi 877 trong file test]", "878": "[Câu trả lời cho câu hỏi 878 trong file test]", "879": "[Câu trả lời cho câu hỏi 879 trong file test]", "880": "[Câu trả lời cho câu hỏi 880 trong file test]", "881": "[Câu trả lời cho câu hỏi 881 trong file test]", "882": "[Câu trả lời cho câu hỏi 882 trong file test]", "883": "[Câu trả lời cho câu hỏi 883 trong file test]", "884": "[Câu trả lời cho câu hỏi 884 trong file test]", "885": "[Câu trả lời cho câu hỏi 885 trong file test]", "886": "[Câu trả lời cho câu hỏi 886 trong file test]", "887": "[Câu trả lời cho câu hỏi 887 trong file test]", "888": "[Câu trả lời cho câu hỏi 888 trong file test]", "889": "[Câu trả lời cho câu hỏi 889 trong file test]", "890": "[Câu trả lời cho câu hỏi 890 trong file test]", "891": "[Câu trả lời cho câu hỏi 891 trong file test]", "892": "[Câu trả lời cho câu hỏi 892 trong file test]", "893": "[Câu trả lời cho câu hỏi 893 trong file test]", "894": "[Câu trả lời cho câu hỏi 894 trong file test]", "895": "[Câu trả lời cho câu hỏi 895 trong file test]", "896": "[Câu trả lời cho câu hỏi 896 trong file test]", "897": "[Câu trả lời cho câu hỏi 897 trong file test]", "898": "[Câu trả lời cho câu hỏi 898 trong file test]", "899": "[Câu trả lời cho câu hỏi 899 trong file test]", "900": "[Câu trả lời cho câu hỏi 900 trong file test]", "901": "[Câu trả lời cho câu hỏi 901 trong file test]", "902": "[Câu trả lời cho câu hỏi 902 trong file test]", "903": "[Câu trả lời cho câu hỏi 903 trong file test]", "904": "[Câu trả lời cho câu hỏi 904 trong file test]", "905": "[Câu trả lời cho câu hỏi 905 trong file test]", "906": "[Câu trả lời cho câu hỏi 906 trong file test]", "907": "[Câu trả lời cho câu hỏi 907 trong file test]", "908": "[Câu trả lời cho câu hỏi 908 trong file test]", "909": "[Câu trả lời cho câu hỏi 909 trong file test]", "910": "[Câu trả lời cho câu hỏi 910 trong file test]", "911": "[Câu trả lời cho câu hỏi 911 trong file test]", "912": "[Câu trả lời cho câu hỏi 912 trong file test]", "913": "[Câu trả lời cho câu hỏi 913 trong file test]", "914": "[Câu trả lời cho câu hỏi 914 trong file test]", "915": "[Câu trả lời cho câu hỏi 915 trong file test]", "916": "[Câu trả lời cho câu hỏi 916 trong file test]", "917": "[Câu trả lời cho câu hỏi 917 trong file test]", "918": "[Câu trả lời cho câu hỏi 918 trong file test]", "919": "[Câu trả lời cho câu hỏi 919 trong file test]", "920": "[Câu trả lời cho câu hỏi 920 trong file test]", "921": "[Câu trả lời cho câu hỏi 921 trong file test]", "922": "[Câu trả lời cho câu hỏi 922 trong file test]", "923": "[Câu trả lời cho câu hỏi 923 trong file test]", "924": "[Câu trả lời cho câu hỏi 924 trong file test]", "925": "[Câu trả lời cho câu hỏi 925 trong file test]", "926": "[Câu trả lời cho câu hỏi 926 trong file test]", "927": "[Câu trả lời cho câu hỏi 927 trong file test]", "928": "[Câu trả lời cho câu hỏi 928 trong file test]", "929": "[Câu trả lời cho câu hỏi 929 trong file test]", "930": "[Câu trả lời cho câu hỏi 930 trong file test]", "931": "[Câu trả lời cho câu hỏi 931 trong file test]", "932": "[Câu trả lời cho câu hỏi 932 trong file test]", "933": "[Câu trả lời cho câu hỏi 933 trong file test]", "934": "[Câu trả lời cho câu hỏi 934 trong file test]", "935": "[Câu trả lời cho câu hỏi 935 trong file test]", "936": "[Câu trả lời cho câu hỏi 936 trong file test]", "937": "[Câu trả lời cho câu hỏi 937 trong file test]", "938": "[Câu trả lời cho câu hỏi 938 trong file test]", "939": "[Câu trả lời cho câu hỏi 939 trong file test]", "940": "[Câu trả lời cho câu hỏi 940 trong file test]", "941": "[Câu trả lời cho câu hỏi 941 trong file test]", "942": "[Câu trả lời cho câu hỏi 942 trong file test]", "943": "[Câu trả lời cho câu hỏi 943 trong file test]", "944": "[Câu trả lời cho câu hỏi 944 trong file test]", "945": "[Câu trả lời cho câu hỏi 945 trong file test]", "946": "[Câu trả lời cho câu hỏi 946 trong file test]", "947": "[Câu trả lời cho câu hỏi 947 trong file test]", "948": "[Câu trả lời cho câu hỏi 948 trong file test]", "949": "[Câu trả lời cho câu hỏi 949 trong file test]", "950": "[Câu trả lời cho câu hỏi 950 trong file test]", "951": "[Câu trả lời cho câu hỏi 951 trong file test]", "952": "[Câu trả lời cho câu hỏi 952 trong file test]", "953": "[Câu trả lời cho câu hỏi 953 trong file test]", "954": "[Câu trả lời cho câu hỏi 954 trong file test]", "955": "[Câu trả lời cho câu hỏi 955 trong file test]", "956": "[Câu trả lời cho câu hỏi 956 trong file test]", "957": "[Câu trả lời cho câu hỏi 957 trong file test]", "958": "[Câu trả lời cho câu hỏi 958 trong file test]", "959": "[Câu trả lời cho câu hỏi 959 trong file test]", "960": "[Câu trả lời cho câu hỏi 960 trong file test]", "961": "[Câu trả lời cho câu hỏi 961 trong file test]", "962": "[Câu trả lời cho câu hỏi 962 trong file test]", "963": "[Câu trả lời cho câu hỏi 963 trong file test]", "964": "[Câu trả lời cho câu hỏi 964 trong file test]", "965": "[Câu trả lời cho câu hỏi 965 trong file test]", "966": "[Câu trả lời cho câu hỏi 966 trong file test]", "967": "[Câu trả lời cho câu hỏi 967 trong file test]", "968": "[Câu trả lời cho câu hỏi 968 trong file test]", "969": "[Câu trả lời cho câu hỏi 969 trong file test]", "970": "[Câu trả lời cho câu hỏi 970 trong file test]", "971": "[Câu trả lời cho câu hỏi 971 trong file test]", "972": "[Câu trả lời cho câu hỏi 972 trong file test]", "973": "[Câu trả lời cho câu hỏi 973 trong file test]", "974": "[Câu trả lời cho câu hỏi 974 trong file test]", "975": "[Câu trả lời cho câu hỏi 975 trong file test]", "976": "[Câu trả lời cho câu hỏi 976 trong file test]", "977": "[Câu trả lời cho câu hỏi 977 trong file test]", "978": "[Câu trả lời cho câu hỏi 978 trong file test]", "979": "[Câu trả lời cho câu hỏi 979 trong file test]", "980": "[Câu trả lời cho câu hỏi 980 trong file test]", "981": "[Câu trả lời cho câu hỏi 981 trong file test]", "982": "[Câu trả lời cho câu hỏi 982 trong file test]", "983": "[Câu trả lời cho câu hỏi 983 trong file test]", "984": "[Câu trả lời cho câu hỏi 984 trong file test]", "985": "[Câu trả lời cho câu hỏi 985 trong file test]", "986": "[Câu trả lời cho câu hỏi 986 trong file test]", "987": "[Câu trả lời cho câu hỏi 987 trong file test]", "988": "[Câu trả lời cho câu hỏi 988 trong file test]", "989": "[Câu trả lời cho câu hỏi 989 trong file test]", "990": "[Câu trả lời cho câu hỏi 990 trong file test]", "991": "[Câu trả lời cho câu hỏi 991 trong file test]", "992": "[Câu trả lời cho câu hỏi 992 trong file test]", "993": "[Câu trả lời cho câu hỏi 993 trong file test]", "994": "[Câu trả lời cho câu hỏi 994 trong file test]", "995": "[Câu trả lời cho câu hỏi 995 trong file test]", "996": "[Câu trả lời cho câu hỏi 996 trong file test]", "997": "[Câu trả lời cho câu hỏi 997 trong file test]", "998": "[Câu trả lời cho câu hỏi 998 trong file test]", "999": "[Câu trả lời cho câu hỏi 999 trong file test]", "1000": "[Câu trả lời cho câu hỏi 1000 trong file test]", "1001": "[Câu trả lời cho câu hỏi 1001 trong file test]", "1002": "[Câu trả lời cho câu hỏi 1002 trong file test]", "1003": "[Câu trả lời cho câu hỏi 1003 trong file test]", "1004": "[Câu trả lời cho câu hỏi 1004 trong file test]", "1005": "[Câu trả lời cho câu hỏi 1005 trong file test]", "1006": "[Câu trả lời cho câu hỏi 1006 trong file test]", "1007": "[Câu trả lời cho câu hỏi 1007 trong file test]", "1008": "[Câu trả lời cho câu hỏi 1008 trong file test]", "1009": "[Câu trả lời cho câu hỏi 1009 trong file test]", "1010": "[Câu trả lời cho câu hỏi 1010 trong file test]", "1011": "[Câu trả lời cho câu hỏi 1011 trong file test]", "1012": "[Câu trả lời cho câu hỏi 1012 trong file test]", "1013": "[Câu trả lời cho câu hỏi 1013 trong file test]", "1014": "[Câu trả lời cho câu hỏi 1014 trong file test]", "1015": "[Câu trả lời cho câu hỏi 1015 trong file test]", "1016": "[Câu trả lời cho câu hỏi 1016 trong file test]", "1017": "[Câu trả lời cho câu hỏi 1017 trong file test]", "1018": "[Câu trả lời cho câu hỏi 1018 trong file test]", "1019": "[Câu trả lời cho câu hỏi 1019 trong file test]", "1020": "[Câu trả lời cho câu hỏi 1020 trong file test]", "1021": "[Câu trả lời cho câu hỏi 1021 trong file test]"}