{"0": "[Câu trả lời cho câu hỏi 0 trong file test]", "1": "[Câu trả lời cho câu hỏi 1 trong file test]", "2": "[Câu trả lời cho câu hỏi 2 trong file test]", "3": "[Câu trả lời cho câu hỏi 3 trong file test]", "4": "[Câu trả lời cho câu hỏi 4 trong file test]", "5": "[Câu trả lời cho câu hỏi 5 trong file test]", "6": "[Câu trả lời cho câu hỏi 6 trong file test]", "7": "[Câu trả lời cho câu hỏi 7 trong file test]", "8": "[Câu trả lời cho câu hỏi 8 trong file test]", "9": "[Câu trả lời cho câu hỏi 9 trong file test]", "10": "[Câu trả lời cho câu hỏi 10 trong file test]", "11": "[Câu trả lời cho câu hỏi 11 trong file test]", "12": "[Câu trả lời cho câu hỏi 12 trong file test]", "13": "[Câu trả lời cho câu hỏi 13 trong file test]", "14": "[Câu trả lời cho câu hỏi 14 trong file test]", "15": "[Câu trả lời cho câu hỏi 15 trong file test]", "16": "[Câu trả lời cho câu hỏi 16 trong file test]", "17": "[Câu trả lời cho câu hỏi 17 trong file test]", "18": "[Câu trả lời cho câu hỏi 18 trong file test]", "19": "[Câu trả lời cho câu hỏi 19 trong file test]", "20": "[Câu trả lời cho câu hỏi 20 trong file test]", "21": "[Câu trả lời cho câu hỏi 21 trong file test]", "22": "[Câu trả lời cho câu hỏi 22 trong file test]", "23": "[Câu trả lời cho câu hỏi 23 trong file test]", "24": "[Câu trả lời cho câu hỏi 24 trong file test]", "25": "[Câu trả lời cho câu hỏi 25 trong file test]", "26": "[Câu trả lời cho câu hỏi 26 trong file test]", "27": "[Câu trả lời cho câu hỏi 27 trong file test]", "28": "[Câu trả lời cho câu hỏi 28 trong file test]", "29": "[Câu trả lời cho câu hỏi 29 trong file test]", "30": "[Câu trả lời cho câu hỏi 30 trong file test]", "31": "[Câu trả lời cho câu hỏi 31 trong file test]", "32": "[Câu trả lời cho câu hỏi 32 trong file test]", "33": "[Câu trả lời cho câu hỏi 33 trong file test]", "34": "[Câu trả lời cho câu hỏi 34 trong file test]", "35": "[Câu trả lời cho câu hỏi 35 trong file test]", "36": "[Câu trả lời cho câu hỏi 36 trong file test]", "37": "[Câu trả lời cho câu hỏi 37 trong file test]", "38": "[Câu trả lời cho câu hỏi 38 trong file test]", "39": "[Câu trả lời cho câu hỏi 39 trong file test]", "40": "[Câu trả lời cho câu hỏi 40 trong file test]", "41": "[Câu trả lời cho câu hỏi 41 trong file test]", "42": "[Câu trả lời cho câu hỏi 42 trong file test]", "43": "[Câu trả lời cho câu hỏi 43 trong file test]", "44": "[Câu trả lời cho câu hỏi 44 trong file test]", "45": "[Câu trả lời cho câu hỏi 45 trong file test]", "46": "[Câu trả lời cho câu hỏi 46 trong file test]", "47": "[Câu trả lời cho câu hỏi 47 trong file test]", "48": "[Câu trả lời cho câu hỏi 48 trong file test]", "49": "[Câu trả lời cho câu hỏi 49 trong file test]", "50": "[Câu trả lời cho câu hỏi 50 trong file test]", "51": "[Câu trả lời cho câu hỏi 51 trong file test]", "52": "[Câu trả lời cho câu hỏi 52 trong file test]", "53": "[Câu trả lời cho câu hỏi 53 trong file test]", "54": "[Câu trả lời cho câu hỏi 54 trong file test]", "55": "[Câu trả lời cho câu hỏi 55 trong file test]", "56": "[Câu trả lời cho câu hỏi 56 trong file test]", "57": "[Câu trả lời cho câu hỏi 57 trong file test]", "58": "[Câu trả lời cho câu hỏi 58 trong file test]", "59": "[Câu trả lời cho câu hỏi 59 trong file test]", "60": "[Câu trả lời cho câu hỏi 60 trong file test]", "61": "[Câu trả lời cho câu hỏi 61 trong file test]", "62": "[Câu trả lời cho câu hỏi 62 trong file test]", "63": "[Câu trả lời cho câu hỏi 63 trong file test]", "64": "[Câu trả lời cho câu hỏi 64 trong file test]", "65": "[Câu trả lời cho câu hỏi 65 trong file test]", "66": "[Câu trả lời cho câu hỏi 66 trong file test]", "67": "[Câu trả lời cho câu hỏi 67 trong file test]", "68": "[Câu trả lời cho câu hỏi 68 trong file test]", "69": "[Câu trả lời cho câu hỏi 69 trong file test]", "70": "[Câu trả lời cho câu hỏi 70 trong file test]", "71": "[Câu trả lời cho câu hỏi 71 trong file test]", "72": "[Câu trả lời cho câu hỏi 72 trong file test]", "73": "[Câu trả lời cho câu hỏi 73 trong file test]", "74": "[Câu trả lời cho câu hỏi 74 trong file test]", "75": "[Câu trả lời cho câu hỏi 75 trong file test]", "76": "[Câu trả lời cho câu hỏi 76 trong file test]", "77": "[Câu trả lời cho câu hỏi 77 trong file test]", "78": "[Câu trả lời cho câu hỏi 78 trong file test]", "79": "[Câu trả lời cho câu hỏi 79 trong file test]", "80": "[Câu trả lời cho câu hỏi 80 trong file test]", "81": "[Câu trả lời cho câu hỏi 81 trong file test]", "82": "[Câu trả lời cho câu hỏi 82 trong file test]", "83": "[Câu trả lời cho câu hỏi 83 trong file test]", "84": "[Câu trả lời cho câu hỏi 84 trong file test]", "85": "[Câu trả lời cho câu hỏi 85 trong file test]", "86": "[Câu trả lời cho câu hỏi 86 trong file test]", "87": "[Câu trả lời cho câu hỏi 87 trong file test]", "88": "[Câu trả lời cho câu hỏi 88 trong file test]", "89": "[Câu trả lời cho câu hỏi 89 trong file test]", "90": "[Câu trả lời cho câu hỏi 90 trong file test]", "91": "[Câu trả lời cho câu hỏi 91 trong file test]", "92": "[Câu trả lời cho câu hỏi 92 trong file test]", "93": "[Câu trả lời cho câu hỏi 93 trong file test]", "94": "[Câu trả lời cho câu hỏi 94 trong file test]", "95": "[Câu trả lời cho câu hỏi 95 trong file test]", "96": "[Câu trả lời cho câu hỏi 96 trong file test]", "97": "[Câu trả lời cho câu hỏi 97 trong file test]", "98": "[Câu trả lời cho câu hỏi 98 trong file test]", "99": "[Câu trả lời cho câu hỏi 99 trong file test]", "100": "[Câu trả lời cho câu hỏi 100 trong file test]", "101": "[Câu trả lời cho câu hỏi 101 trong file test]", "102": "[Câu trả lời cho câu hỏi 102 trong file test]", "103": "[Câu trả lời cho câu hỏi 103 trong file test]", "104": "[Câu trả lời cho câu hỏi 104 trong file test]", "105": "[Câu trả lời cho câu hỏi 105 trong file test]", "106": "[Câu trả lời cho câu hỏi 106 trong file test]", "107": "[Câu trả lời cho câu hỏi 107 trong file test]", "108": "[Câu trả lời cho câu hỏi 108 trong file test]", "109": "[Câu trả lời cho câu hỏi 109 trong file test]", "110": "[Câu trả lời cho câu hỏi 110 trong file test]", "111": "[Câu trả lời cho câu hỏi 111 trong file test]", "112": "[Câu trả lời cho câu hỏi 112 trong file test]", "113": "[Câu trả lời cho câu hỏi 113 trong file test]", "114": "[Câu trả lời cho câu hỏi 114 trong file test]", "115": "[Câu trả lời cho câu hỏi 115 trong file test]", "116": "[Câu trả lời cho câu hỏi 116 trong file test]", "117": "[Câu trả lời cho câu hỏi 117 trong file test]", "118": "[Câu trả lời cho câu hỏi 118 trong file test]", "119": "[Câu trả lời cho câu hỏi 119 trong file test]", "120": "[Câu trả lời cho câu hỏi 120 trong file test]", "121": "[Câu trả lời cho câu hỏi 121 trong file test]", "122": "[Câu trả lời cho câu hỏi 122 trong file test]", "123": "[Câu trả lời cho câu hỏi 123 trong file test]", "124": "[Câu trả lời cho câu hỏi 124 trong file test]", "125": "[Câu trả lời cho câu hỏi 125 trong file test]", "126": "[Câu trả lời cho câu hỏi 126 trong file test]", "127": "[Câu trả lời cho câu hỏi 127 trong file test]", "128": "[Câu trả lời cho câu hỏi 128 trong file test]", "129": "[Câu trả lời cho câu hỏi 129 trong file test]", "130": "[Câu trả lời cho câu hỏi 130 trong file test]", "131": "[Câu trả lời cho câu hỏi 131 trong file test]", "132": "[Câu trả lời cho câu hỏi 132 trong file test]", "133": "[Câu trả lời cho câu hỏi 133 trong file test]", "134": "[Câu trả lời cho câu hỏi 134 trong file test]", "135": "[Câu trả lời cho câu hỏi 135 trong file test]", "136": "[Câu trả lời cho câu hỏi 136 trong file test]", "137": "[Câu trả lời cho câu hỏi 137 trong file test]", "138": "[Câu trả lời cho câu hỏi 138 trong file test]", "139": "[Câu trả lời cho câu hỏi 139 trong file test]", "140": "[Câu trả lời cho câu hỏi 140 trong file test]", "141": "[Câu trả lời cho câu hỏi 141 trong file test]", "142": "[Câu trả lời cho câu hỏi 142 trong file test]", "143": "[Câu trả lời cho câu hỏi 143 trong file test]", "144": "[Câu trả lời cho câu hỏi 144 trong file test]", "145": "[Câu trả lời cho câu hỏi 145 trong file test]", "146": "[Câu trả lời cho câu hỏi 146 trong file test]", "147": "[Câu trả lời cho câu hỏi 147 trong file test]", "148": "[Câu trả lời cho câu hỏi 148 trong file test]", "149": "[Câu trả lời cho câu hỏi 149 trong file test]", "150": "[Câu trả lời cho câu hỏi 150 trong file test]", "151": "[Câu trả lời cho câu hỏi 151 trong file test]", "152": "[Câu trả lời cho câu hỏi 152 trong file test]", "153": "[Câu trả lời cho câu hỏi 153 trong file test]", "154": "[Câu trả lời cho câu hỏi 154 trong file test]", "155": "[Câu trả lời cho câu hỏi 155 trong file test]", "156": "[Câu trả lời cho câu hỏi 156 trong file test]", "157": "[Câu trả lời cho câu hỏi 157 trong file test]", "158": "[Câu trả lời cho câu hỏi 158 trong file test]", "159": "[Câu trả lời cho câu hỏi 159 trong file test]", "160": "[Câu trả lời cho câu hỏi 160 trong file test]", "161": "[Câu trả lời cho câu hỏi 161 trong file test]", "162": "[Câu trả lời cho câu hỏi 162 trong file test]", "163": "[Câu trả lời cho câu hỏi 163 trong file test]", "164": "[Câu trả lời cho câu hỏi 164 trong file test]", "165": "[Câu trả lời cho câu hỏi 165 trong file test]", "166": "[Câu trả lời cho câu hỏi 166 trong file test]", "167": "[Câu trả lời cho câu hỏi 167 trong file test]", "168": "[Câu trả lời cho câu hỏi 168 trong file test]", "169": "[Câu trả lời cho câu hỏi 169 trong file test]", "170": "[Câu trả lời cho câu hỏi 170 trong file test]", "171": "[Câu trả lời cho câu hỏi 171 trong file test]", "172": "[Câu trả lời cho câu hỏi 172 trong file test]", "173": "[Câu trả lời cho câu hỏi 173 trong file test]", "174": "[Câu trả lời cho câu hỏi 174 trong file test]", "175": "[Câu trả lời cho câu hỏi 175 trong file test]", "176": "[Câu trả lời cho câu hỏi 176 trong file test]", "177": "[Câu trả lời cho câu hỏi 177 trong file test]", "178": "[Câu trả lời cho câu hỏi 178 trong file test]", "179": "[Câu trả lời cho câu hỏi 179 trong file test]", "180": "[Câu trả lời cho câu hỏi 180 trong file test]", "181": "[Câu trả lời cho câu hỏi 181 trong file test]", "182": "[Câu trả lời cho câu hỏi 182 trong file test]", "183": "[Câu trả lời cho câu hỏi 183 trong file test]", "184": "[Câu trả lời cho câu hỏi 184 trong file test]", "185": "[Câu trả lời cho câu hỏi 185 trong file test]", "186": "[Câu trả lời cho câu hỏi 186 trong file test]", "187": "[Câu trả lời cho câu hỏi 187 trong file test]", "188": "[Câu trả lời cho câu hỏi 188 trong file test]", "189": "[Câu trả lời cho câu hỏi 189 trong file test]", "190": "[Câu trả lời cho câu hỏi 190 trong file test]", "191": "[Câu trả lời cho câu hỏi 191 trong file test]", "192": "[Câu trả lời cho câu hỏi 192 trong file test]", "193": "[Câu trả lời cho câu hỏi 193 trong file test]", "194": "[Câu trả lời cho câu hỏi 194 trong file test]", "195": "[Câu trả lời cho câu hỏi 195 trong file test]", "196": "[Câu trả lời cho câu hỏi 196 trong file test]", "197": "[Câu trả lời cho câu hỏi 197 trong file test]", "198": "[Câu trả lời cho câu hỏi 198 trong file test]", "199": "[Câu trả lời cho câu hỏi 199 trong file test]", "200": "[Câu trả lời cho câu hỏi 200 trong file test]", "201": "[Câu trả lời cho câu hỏi 201 trong file test]", "202": "[Câu trả lời cho câu hỏi 202 trong file test]", "203": "[Câu trả lời cho câu hỏi 203 trong file test]", "204": "[Câu trả lời cho câu hỏi 204 trong file test]", "205": "[Câu trả lời cho câu hỏi 205 trong file test]", "206": "[Câu trả lời cho câu hỏi 206 trong file test]", "207": "[Câu trả lời cho câu hỏi 207 trong file test]", "208": "[Câu trả lời cho câu hỏi 208 trong file test]", "209": "[Câu trả lời cho câu hỏi 209 trong file test]", "210": "[Câu trả lời cho câu hỏi 210 trong file test]", "211": "[Câu trả lời cho câu hỏi 211 trong file test]", "212": "[Câu trả lời cho câu hỏi 212 trong file test]"}